{
      "qfunc": "mcp",
      "size": 7,
      "data": "[{\"size\": 5, \"p\": 1, \"score\": \"[5.0306, [0.00024999930418562145, 0.00025000044598709795]]\", \"time\": 3.6716346740722656}, {\"size\": 6, \"p\": 1, \"score\": \"[6.0364, [0.000244690163541236, 2.319166291272268e-06]]\", \"time\": 3.823544979095459}]"
}